suite,n,graph_seed,kind,algorithm_seed,repetition,bh_s,our_s,bh_over_our,bh_peak_mib,our_peak_mib,shortcut,bh_kernel,source_mode,bh_started_unix,our_started_unix
density,40,2001,p100,11001,0,3.4865e-05,3.835e-06,9.091264667535855,10.3046875,9.31640625,not_strongly_connected,,new_bh32_original_kw32,1789373381.927374,1789358647.9311748
density,40,2001,p250,11001,0,2.957288944,3.11557087,0.9491964931614604,10.2890625,770.47265625,,bh-lv,new_bh32_original_kw32,1789373350.4195123,1789358434.48922
density,40,2001,p500,11001,0,1.663042982,3.16348253,0.5257000682725439,10.328125,718.67578125,,bh-lv,new_bh32_original_kw32,1789373569.2459025,1789358650.0477638
density,40,2001,p750,11001,0,1.60237084,3.250630166,0.4929416015269945,10.2890625,717.45703125,,bh-lv,new_bh32_original_kw32,1789373348.8121917,1789358003.913868
density,40,2001,p900,11001,0,1.874522354,1.043754525,1.7959417747194917,10.41796875,586.28515625,,bh-lv,new_bh32_original_kw32,1789374003.1777267,1789358186.3799117
density,40,2002,p100,11002,0,3.919e-06,4.13e-06,0.948910411622276,10.234375,9.16015625,not_strongly_connected,,new_bh32_original_kw32,1789372432.9961977,1789358175.7667866
density,40,2002,p250,11002,0,1.793407866,1.446104003,1.2401652040790319,10.27734375,684.58984375,,bh-lv,new_bh32_original_kw32,1789372914.473092,1789358110.50192
density,40,2002,p500,11002,0,3.321835696,3.05670517,1.0867373564850549,10.171875,679.078125,,bh-lv,new_bh32_original_kw32,1789374027.386713,1789358546.9784477
density,40,2002,p750,11002,0,1.548836661,2.450931684,0.631937916144708,10.25,830.40625,,bh-lv,new_bh32_original_kw32,1789372482.9383068,1789358440.2543113
density,40,2002,p900,11002,0,1.654114807,1.035666998,1.5971492865895105,10.26171875,675.48828125,,bh-lv,new_bh32_original_kw32,1789372496.5872164,1789358398.6646106
density,40,2003,p100,11003,0,4.143e-06,3.936e-06,1.052591463414634,10.3828125,9.15625,not_strongly_connected,,new_bh32_original_kw32,1789373910.8419347,1789358038.510843
density,40,2003,p250,11003,0,2.059424122,1.426214086,1.4439796536969554,10.2578125,675.6171875,,bh-lv,new_bh32_original_kw32,1789372494.5247712,1789358072.96344
density,40,2003,p500,11003,0,1.635903045,1.542876823,1.0602940044294125,10.26953125,676.859375,,bh-lv,new_bh32_original_kw32,1789372507.8449514,1789358273.3158898
density,40,2003,p750,11003,0,2.879111208,1.519631358,1.8946116061919274,10.27734375,678.9453125,,bh-lv,new_bh32_original_kw32,1789372909.5432997,1789358585.6937938
density,40,2003,p900,11003,0,2.375979312,1.028924939,2.3091862408439496,10.0859375,668.3828125,,bh-lv,new_bh32_original_kw32,1789373575.8395853,1789358343.4127517
density,40,2004,p100,11004,0,3.1651e-05,4.8e-06,6.593958333333333,10.32421875,9.25390625,not_strongly_connected,,new_bh32_original_kw32,1789373406.585301,1789358544.9136815
density,40,2004,p250,11004,0,1.242448719,1.395144671,0.8905518867154101,10.21484375,663.01171875,,bh-lv,new_bh32_original_kw32,1789372338.0507524,1789358111.9508476
density,40,2004,p500,11004,0,3.381491164,1.509273633,2.2404758753245906,10.33203125,664.18359375,,bh-lv,new_bh32_original_kw32,1789373570.91121,1789358180.4196532
density,40,2004,p750,11004,0,1.542197014,1.478374038,1.0431710611519818,10.3359375,665.265625,,bh-lv,new_bh32_original_kw32,1789373574.294893,1789358587.2164414
density,40,2004,p900,11004,0,1.052074645,0.978706613,1.0749642753256845,10.19921875,662.5546875,,bh-lv,new_bh32_original_kw32,1789372268.1437771,1789358069.427798
density,40,2005,p100,11005,0,8.588e-06,3.854e-06,2.2283341982355993,10.33984375,9.28125,not_strongly_connected,,new_bh32_original_kw32,1789373578.2184834,1789358582.0389488
density,40,2005,p250,11005,0,1.535262787,1.400764456,1.0960178068653106,10.3984375,671.21875,,bh-lv,new_bh32_original_kw32,1789373954.6210647,1789358179.0160606
density,40,2005,p500,11005,0,1.746603026,1.623284077,1.0759688034566977,10.35546875,691.171875,,bh-lv,new_bh32_original_kw32,1789373608.6092162,1789358278.5301325
density,40,2005,p750,11005,0,3.070429785,3.075563431,0.9983308274678208,10.3515625,681.69140625,,bh-lv,new_bh32_original_kw32,1789373605.5362594,1789358551.9056976
density,40,2005,p900,11005,0,0.982706811,1.312544599,0.7487035577676397,10.39453125,670.6484375,,bh-lv,new_bh32_original_kw32,1789373915.5302384,1789358008.386752
density,44,2001,p100,11001,0,3.3046e-05,4.284e-06,7.7138188608776845,10.41015625,9.15625,not_strongly_connected,,new_bh32_original_kw32,1789373975.2658765,1789358074.3948314
density,44,2001,p250,11001,0,15.27627528,10.78044424,1.4170357862729412,10.2109375,3447.7265625,,bh-lv,new_bh32_original_kw32,1789372303.6788845,1789358224.7567728
density,44,2001,p500,11001,0,18.35274224,10.39354845,1.7657821415168369,10.1953125,3447.6796875,,bh-lv,new_bh32_original_kw32,1789372230.651028,1789358387.0256996
density,44,2001,p750,11001,0,19.06467945,12.08395485,1.5776854255624764,10.35546875,3450.0078125,,bh-lv,new_bh32_original_kw32,1789373610.363199,1789358496.9868536
density,44,2001,p900,11001,0,9.577598318,9.311649245,1.0285608989345045,10.16796875,3582.78125,,bh-lv,new_bh32_original_kw32,1789372154.7458,1789358355.5485165
density,44,2002,p100,11002,0,8.437295698,9.477663078,0.8902295458872187,10.30078125,4798.60546875,,bh-lv,new_bh32_original_kw32,1789373355.7106237,1789358653.216572
density,44,2002,p250,11002,0,15.04815742,9.713556194,1.549191369201647,10.37109375,3416.0390625,,bh-lv,new_bh32_original_kw32,1789373876.6022642,1789358554.9841642
density,44,2002,p500,11002,0,19.25101537,10.31152065,1.8669424252183406,10.18359375,3412.2734375,,bh-lv,new_bh32_original_kw32,1789372204.048016,1789358074.400485
density,44,2002,p750,11002,0,16.85046365,10.26647928,1.6413088840325403,10.20703125,3411.37109375,,bh-lv,new_bh32_original_kw32,1789372286.8212383,1789358592.344613
density,44,2002,p900,11002,0,10.59870011,7.463578395,1.4200561110338548,10.4140625,3312.2421875,,bh-lv,new_bh32_original_kw32,1789373992.5732572,1789358523.9606104
density,44,2003,p100,11003,0,5.147e-06,4.141e-06,1.2429364887708283,10.125,9.15625,not_strongly_connected,,new_bh32_original_kw32,1789373910.8393283,1789358074.3988774
density,44,2003,p250,11003,0,14.66152514,11.15618498,1.3142059912312425,10.171875,3433.76953125,,bh-lv,new_bh32_original_kw32,1789372164.3258784,1789358131.8208082
density,44,2003,p500,11003,0,19.24365059,10.49554495,1.8335065669934558,10.171875,3446.43359375,,bh-lv,new_bh32_original_kw32,1789373916.515771,1789358422.2958589
density,44,2003,p750,11003,0,18.76856128,11.89738763,1.577536335176128,10.26953125,3448.7578125,,bh-lv,new_bh32_original_kw32,1789372509.4831038,1789358257.6318488
density,44,2003,p900,11003,0,6.342613679,7.473853013,0.8486404091661522,10.109375,3045.4296875,,bh-lv,new_bh32_original_kw32,1789373769.020279,1789358516.4838123
density,44,2004,p100,11004,0,4.69e-06,5.327e-06,0.8804204993429697,10.34765625,9.21484375,not_strongly_connected,,new_bh32_original_kw32,1789373605.5340304,1789358437.6092076
density,44,2004,p250,11004,0,17.20038739,9.79128837,1.7567031773572408,10.16015625,3461.25390625,,bh-lv,new_bh32_original_kw32,1789372128.9417875,1789358009.702059
density,44,2004,p500,11004,0,18.85583571,10.4393798,1.806221832258656,10.3984375,3464.72265625,,bh-lv,new_bh32_original_kw32,1789373935.7620432,1789358142.9798708
density,44,2004,p750,11004,0,17.10354233,12.03502545,1.421147167578279,9.9609375,3469.01953125,,bh-lv,new_bh32_original_kw32,1789372183.0178385,1789358280.1588242
density,44,2004,p900,11004,0,10.0235944,8.047105658,1.2456148615415634,10.25,3783.24609375,,bh-lv,new_bh32_original_kw32,1789372472.9123886,1789358187.4343777
density,44,2005,p100,11005,0,4.978e-06,4.555e-06,1.0928649835345774,10.24609375,9.1484375,not_strongly_connected,,new_bh32_original_kw32,1789372472.910067,1789358001.8776133
density,44,2005,p250,11005,0,14.54632928,11.54124728,1.2603775767986145,10.203125,3520.15234375,,bh-lv,new_bh32_original_kw32,1789372269.1987414,1789358313.8616862
density,44,2005,p500,11005,0,17.17117469,9.028143331,1.9019607975251362,10.3203125,3520.67578125,,bh-lv,new_bh32_original_kw32,1789373388.808962,1789358038.5126517
density,44,2005,p750,11005,0,17.35158216,10.62158793,1.6336146981367596,10.05078125,3520.64453125,,bh-lv,new_bh32_original_kw32,1789373364.3725934,1789358442.7195468
density,44,2005,p900,11005,0,12.34569729,9.378633397,1.316364204399875,10.359375,3655.50390625,,bh-lv,new_bh32_original_kw32,1789373775.3658621,1789358623.6396594
randomness,40,5001,dense,1,0,1.691344061,2.269513753,0.7452451252010545,10.421875,715.70703125,,bh-lv,new_bh32_original_kw32,1789374025.0858586,1789359242.4591146
randomness,40,5001,dense,2,0,2.554683951,1.534846725,1.6644554204590039,10.34375,676.85546875,,bh-lv,new_bh32_original_kw32,1789373584.832881,1789359015.7658494
randomness,40,5001,dense,3,0,1.675173368,3.06834322,0.545953711136657,10.296875,666.375,,bh-lv,new_bh32_original_kw32,1789373354.0308425,1789359234.8231282
randomness,40,5001,dense,4,0,3.396281202,1.517635251,2.2378771182088206,10.31640625,666.40234375,,bh-lv,new_bh32_original_kw32,1789373385.4100447,1789359237.8942378
randomness,40,5001,dense,5,0,1.757921675,3.146542602,0.5586835766605013,10.36328125,678.2109375,,bh-lv,new_bh32_original_kw32,1789373788.847384,1789358910.8338685
randomness,40,5001,dense,6,0,1.679633437,1.513947204,1.1094399015779681,10.3125,664.03515625,,bh-lv,new_bh32_original_kw32,1789373383.728093,1789359021.0938196
randomness,40,5001,dense,7,0,2.278024669,1.574677989,1.4466606410410683,10.4296875,695.63671875,,bh-lv,new_bh32_original_kw32,1789374051.2304225,1789359089.6354163
randomness,40,5001,dense,8,0,3.343870912,1.510897954,2.213167939732348,10.17578125,663.74609375,,bh-lv,new_bh32_original_kw32,1789372179.2101097,1789359164.362797
randomness,40,5001,dense,9,0,1.670545884,3.158941718,0.5288308658817744,9.9140625,692.62109375,,bh-lv,new_bh32_original_kw32,1789372153.073281,1789359053.4435265
randomness,40,5001,dense,10,0,3.358583027,1.546090306,2.17230715047249,9.96875,679.609375,,bh-lv,new_bh32_original_kw32,1789372339.90966,1789359129.7229095
randomness,44,5001,dense,1,0,18.52474341,10.31985281,1.795058878363983,10.3671875,3373.984375,,bh-lv,new_bh32_original_kw32,1789373809.7187815,1789359022.613087
randomness,44,5001,dense,2,0,18.88927751,12.13768989,1.5562498038084245,10.4296875,3449.4140625,,bh-lv,new_bh32_original_kw32,1789374032.3362424,1789359220.5645616
randomness,44,5001,dense,3,0,18.89213061,8.794887709,2.148080934639708,10.23046875,3411.3671875,,bh-lv,new_bh32_original_kw32,1789372363.6563277,1789358879.9281387
randomness,44,5001,dense,4,0,17.57325219,11.95662819,1.469749825013167,10.23828125,3422.55859375,,bh-lv,new_bh32_original_kw32,1789372432.998142,1789359077.6757624
randomness,44,5001,dense,5,0,19.18117881,10.33644187,1.8556848721483692,10.12109375,3379.8515625,,bh-lv,new_bh32_original_kw32,1789373891.655666,1789358948.8241928
randomness,44,5001,dense,6,0,18.13673149,10.41549424,1.7413222140095006,10.09375,3415.73828125,,bh-lv,new_bh32_original_kw32,1789373587.3903606,1789359151.8230047
randomness,44,5001,dense,7,0,16.44317555,11.73721825,1.4009431536301202,10.16015625,3404.46875,,bh-lv,new_bh32_original_kw32,1789372112.4961872,1789359000.2190557
randomness,44,5001,dense,8,0,17.30241305,12.10041842,1.4299020454864566,10.4140625,3470.859375,,bh-lv,new_bh32_original_kw32,1789373975.268433,1789358916.1157832
randomness,44,5001,dense,9,0,19.02011697,10.29265102,1.8479317848279677,10.36328125,3372.109375,,bh-lv,new_bh32_original_kw32,1789373790.6130364,1789359095.02265
randomness,44,5001,dense,10,0,17.39440943,13.42605013,1.2955716135107265,10.41796875,3382.95703125,,bh-lv,new_bh32_original_kw32,1789374005.0631251,1789359165.8765247
size,32,1001,dense,10001,0,0.030361036,0.045529939,0.6668367379099718,10.390625,32.44140625,,bh-lv,new_bh32_original_kw32,1789373910.8440013,1789359248.904731
size,32,1002,dense,10002,0,0.030513605,0.046524083,0.6558668765164055,10.25390625,32.09375,,bh-lv,new_bh32_original_kw32,1789372489.2280593,1789359248.9925866
size,32,1003,dense,10003,0,0.075549969,0.045933435,1.644770720935632,10.20703125,31.46875,,bh-lv,new_bh32_original_kw32,1789372286.7383907,1789359248.6920264
size,32,1004,dense,10004,0,0.184213878,0.084313281,2.184873792303255,10.3046875,32.453125,,bh-lv,new_bh32_original_kw32,1789373381.7296917,1789359248.5598998
size,32,1005,dense,10005,0,0.030793569,0.043622811,0.7059051971685182,10.140625,32.01171875,,bh-lv,new_bh32_original_kw32,1789372223.3017375,1789359248.778695
size,34,1001,dense,10001,0,0.083395287,0.110522296,0.7545562299936295,10.1484375,61.421875,,bh-lv,new_bh32_original_kw32,1789372112.4102108,1789359249.4882832
size,34,1002,dense,10002,0,0.081640367,0.111181204,0.7343000800746861,10.203125,60.76171875,,bh-lv,new_bh32_original_kw32,1789372283.7477634,1789359249.8105724
size,34,1003,dense,10003,0,0.080438412,0.116175184,0.692388935661165,10.3671875,66.8515625,,bh-lv,new_bh32_original_kw32,1789373809.6359105,1789359249.924413
size,34,1004,dense,10004,0,0.081801542,0.122227019,0.6692590776512352,10.390625,73.00390625,,bh-lv,new_bh32_original_kw32,1789373910.8767087,1789359249.0417075
size,34,1005,dense,10005,0,0.08016806,0.11185907,0.7166880611469414,10.34375,61.46484375,,bh-lv,new_bh32_original_kw32,1789373584.7502444,1789359249.3740225
size,36,1001,dense,10001,0,0.219652417,0.264228769,0.831296371819376,10.30078125,132.11328125,,bh-lv,new_bh32_original_kw32,1789373364.1502402,1789359252.3497524
size,36,1002,dense,10002,0,0.220845618,0.260895908,0.8464893899370778,10.40234375,132.484375,,bh-lv,new_bh32_original_kw32,1789373966.7850153,1789359250.6887553
size,36,1003,dense,10003,0,0.597119486,0.269855115,2.2127410332763193,10.3203125,137.296875,,bh-lv,new_bh32_original_kw32,1789373405.9828475,1789359251.7901237
size,36,1004,dense,10004,0,0.214307468,0.265727333,0.8064938807028933,10.26953125,133.55078125,,bh-lv,new_bh32_original_kw32,1789372528.254161,1789359250.1467464
size,36,1005,dense,10005,0,0.217974531,0.278991599,0.7812942460679614,10.171875,145.3046875,,bh-lv,new_bh32_original_kw32,1789372178.990079,1789359251.5086577
size,38,1001,dense,10001,0,1.554355323,1.624212672,0.9569900234099392,10.421875,307.05078125,,bh-lv,new_bh32_original_kw32,1789374023.520626,1789359260.9267995
size,38,1002,dense,10002,0,0.600302553,0.642937583,0.9336871398914628,10.421875,304.65625,,bh-lv,new_bh32_original_kw32,1789374026.7840052,1789359254.2788339
size,38,1003,dense,10003,0,0.611161122,0.65831181,0.9283763601324423,10.21875,310.12109375,,bh-lv,new_bh32_original_kw32,1789372339.2959304,1789359259.527864
size,38,1004,dense,10004,0,1.764046486,0.709078233,2.487802338165978,10.32421875,311.3828125,,bh-lv,new_bh32_original_kw32,1789373546.1040595,1789359255.685806
size,38,1005,dense,10005,0,0.580043754,0.643227659,0.9017705409337815,10.1875,305.0546875,,bh-lv,new_bh32_original_kw32,1789372223.335103,1789359252.8967087
size,40,1001,dense,10001,0,1.681939595,1.513679153,1.1111599123675056,10.2734375,665.2265625,,bh-lv,new_bh32_original_kw32,1789372907.8545575,1789359273.656561
size,40,1002,dense,10002,0,2.039485137,1.504654016,1.3554512301916455,10.27734375,666.2890625,,bh-lv,new_bh32_original_kw32,1789372912.4253278,1789359278.8244464
size,40,1003,dense,10003,0,2.29911362,1.549869617,1.4834238924241072,10.22265625,682.23046875,,bh-lv,new_bh32_original_kw32,1789372361.3500404,1789359266.305686
size,40,1004,dense,10004,0,3.377723703,1.616348866,2.08972442400934,10.078125,672.20703125,,bh-lv,new_bh32_original_kw32,1789373565.8657103,1789359262.554027
size,40,1005,dense,10005,0,1.622892188,1.592976513,1.0187797338855051,10.4296875,707.73046875,,bh-lv,new_bh32_original_kw32,1789374030.7110794,1789359275.1731353
size,42,1001,dense,10001,0,6.517053888,3.66507059,1.7781523514939996,10.34375,1506.19921875,,bh-lv,new_bh32_original_kw32,1789373578.2261353,1789359334.3689907
size,42,1002,dense,10002,0,6.735587238,3.605521869,1.8681310175683752,10.26171875,1506.80078125,,bh-lv,new_bh32_original_kw32,1789372499.1438317,1789359295.2351806
size,42,1003,dense,10003,0,6.923575979,3.733985253,1.8542054962422208,9.9140625,1511.0546875,,bh-lv,new_bh32_original_kw32,1789372146.145029,1789359291.4960017
size,42,1004,dense,10004,0,6.194502924,5.395845594,1.1480133773449857,10.40234375,1490.6640625,,bh-lv,new_bh32_original_kw32,1789373960.5880828,1789359320.200671
size,42,1005,dense,10005,0,6.727650784,4.978162948,1.3514324167919944,9.94140625,1510.91796875,,bh-lv,new_bh32_original_kw32,1789372223.9175584,1789359307.8888764
size,44,1001,dense,10001,0,19.09751262,12.83967351,1.4873830401626777,8.69921875,3442.3359375,,bh-lv,existing_same32_pair,1789362312.452723,1789362331.5550904
size,44,1002,dense,10002,0,18.99418424,11.08062424,1.7141799801705033,8.7109375,3456.60546875,,bh-lv,existing_same32_pair,1789362355.4845698,1789362344.3978686
size,44,1003,dense,10003,0,17.57491202,11.87198972,1.4803678603589625,8.7109375,3436.765625,,bh-lv,existing_same32_pair,1789362374.4813917,1789362392.0629833
size,44,1004,dense,10004,0,17.82740438,13.5052096,1.320039074402814,10.32421875,3365.52734375,,bh-lv,new_bh32_original_kw32,1789373547.8709934,1789359471.2559726
size,44,1005,dense,10005,0,19.03464605,13.14066371,1.4485300339521434,10.2421875,3468.9453125,,bh-lv,new_bh32_original_kw32,1789372453.8731968,1789359367.5560994
size,46,1001,dense,10001,0,48.3520921,29.07685583,1.662906484204967,10.12109375,7633.48046875,,bh-lv,new_bh32_original_kw32,1789373828.2463055,1789359579.0978076
size,46,1002,dense,10002,0,51.68960677,30.67034618,1.6853284428757627,10.28125,7691.5625,,bh-lv,new_bh32_original_kw32,1789373297.1148224,1789359668.166713
size,46,1003,dense,10003,0,50.44247352,30.87271145,1.6338854331500579,10.23046875,7779.0,,bh-lv,new_bh32_original_kw32,1789372382.5509663,1789359758.8491488
size,48,1001,dense,10001,0,140.7377396,69.02260633,2.03900934901135,8.7109375,17426.40625,,bh-lv,existing_same32_pair,1789362403.9382474,1789362544.6785617
size,48,1002,dense,10002,0,139.5876667,63.09191586,2.212449325674987,10.35546875,17290.32421875,,bh-lv,new_bh32_original_kw32,1789373629.4302125,1789360021.769519
size,48,1003,dense,10003,0,139.496473,62.46488252,2.233198356778083,10.32421875,17514.41015625,,bh-lv,new_bh32_original_kw32,1789373406.5974684,1789360245.8110602
size,50,1001,dense,10001,0,387.6185082,154.4690792,2.509359868055716,8.7109375,38922.50390625,,bh-lv,existing_same32_pair,1789362613.704508,1789363001.3255177
size,50,1002,dense,10002,0,380.8314879,145.0122053,2.626202995204018,10.03125,38773.171875,,bh-lv,new_bh32_original_kw32,1789372916.2720432,1789361543.7087667
size,50,1003,dense,10003,0,379.3808367,162.9003619,2.3289134061770302,10.0234375,39080.58203125,,bh-lv,new_bh32_original_kw32,1789372528.470756,1789362145.125491
structure,40,3001,bipartite,12001,0,0.155674476,1.273214038,0.1222688969440973,10.296875,662.69140625,,bh-bipartite,new_bh32_original_kw32,1789373353.872874,1789358878.651359
structure,40,3001,out2,12001,0,0.489718965,0.596977389,0.8203308433847568,10.04296875,786.30078125,,bh-lv,new_bh32_original_kw32,1789373353.3794968,1789358783.7909315
structure,40,3001,planted050,12001,0,0.459646837,0.742540371,0.6190193219810805,10.17578125,817.08984375,,bh-lv,new_bh32_original_kw32,1789372182.5560324,1789358863.4744112
structure,40,3001,tournament,12001,0,3.359718368,1.526714108,2.200620502813877,10.40625,661.546875,,bh-lv,new_bh32_original_kw32,1789373971.9034114,1789358876.9138496
structure,40,3002,bipartite,12002,0,0.562882163,1.267292623,0.44416116119063065,10.43359375,663.265625,,bh-bipartite,new_bh32_original_kw32,1789374053.5139134,1789358718.1152964
structure,40,3002,out2,12002,0,1.048847074,0.425110702,2.467232815042139,10.421875,466.7578125,,bh-lv,new_bh32_original_kw32,1789374022.465294,1789358734.800818
structure,40,3002,planted050,12002,0,0.396408075,1.384307808,0.28635833209141304,10.2578125,319.79296875,,bh-lv,new_bh32_original_kw32,1789372494.1259027,1789358780.7414176
structure,40,3002,tournament,12002,0,2.897737008,1.511732287,1.9168321222737765,9.98828125,668.2109375,,bh-lv,new_bh32_original_kw32,1789372450.5763884,1789358735.7097316
structure,40,3003,bipartite,12003,0,0.157156554,1.316754555,0.11935144131701904,10.32421875,693.11328125,,bh-bipartite,new_bh32_original_kw32,1789373565.7061245,1789358779.4215107
structure,40,3003,out2,12003,0,0.385475675,1.765694278,0.21831394018936726,10.2421875,709.04296875,,bh-lv,new_bh32_original_kw32,1789372453.4852324,1789358849.8441055
structure,40,3003,planted050,12003,0,1.126120997,0.655680145,1.71748527935065,10.36328125,668.671875,,bh-lv,new_bh32_original_kw32,1789373787.7144196,1789358874.1527553
structure,40,3003,tournament,12003,0,2.903751432,1.545908328,1.8783464578114362,10.203125,688.1484375,,bh-lv,new_bh32_original_kw32,1789372283.8318355,1789358733.251879
structure,44,3001,bipartite,12001,0,1.778081862,9.664798246,0.1839750625664535,10.3125,3400.203125,,bh-bipartite,new_bh32_original_kw32,1789373381.9398456,1789358853.258834
structure,44,3001,out2,12001,0,4.567079,3.577971286,1.2764437260495107,10.39453125,4574.39453125,,bh-lv,new_bh32_original_kw32,1789373910.960876,1789358763.94639
structure,44,3001,planted050,12001,0,4.736726772,3.368003576,1.406390066136913,10.25390625,3276.10546875,,bh-lv,new_bh32_original_kw32,1789372484.489173,1789358746.233926
structure,44,3001,tournament,12001,0,18.07612256,12.1790775,1.4841947232867188,10.22265625,3430.83203125,,bh-lv,new_bh32_original_kw32,1789372343.2709339,1789358804.623706
structure,44,3002,bipartite,12002,0,1.948563537,8.945211584,0.217833141083586,10.01171875,3425.484375,,bh-bipartite,new_bh32_original_kw32,1789372505.8851404,1789358708.0213022
structure,44,3002,out2,12002,0,3.910814044,1.897294887,2.0612578839464293,10.1796875,1982.78125,,bh-lv,new_bh32_original_kw32,1789372200.1270635,1789358701.732751
structure,44,3002,planted050,12002,0,4.890658407,4.47660823,1.092491939371697,10.40625,2270.86328125,,bh-lv,new_bh32_original_kw32,1789373967.007872,1789358719.5904377
structure,44,3002,tournament,12002,0,19.12690464,10.33634703,1.8504510911336922,10.19921875,3428.03125,,bh-lv,new_bh32_original_kw32,1789372249.014147,1789358816.8055809
structure,44,3003,bipartite,12003,0,0.893800548,10.29938553,0.08678192940700609,10.26171875,3390.78515625,,bh-bipartite,new_bh32_original_kw32,1789372498.2480252,1789358767.532023
structure,44,3003,out2,12003,0,4.421401064,4.518297761,0.9785546012844991,10.40234375,3754.50390625,,bh-lv,new_bh32_original_kw32,1789373956.164108,1789358864.219852
structure,44,3003,planted050,12003,0,4.862602093,4.05963487,1.1977929662920646,10.2578125,4253.19140625,,bh-lv,new_bh32_original_kw32,1789372489.2610042,1789358749.6045558
structure,44,3003,tournament,12003,0,19.09025246,8.800983478,2.1691044538056796,10.2109375,3417.046875,,bh-lv,new_bh32_original_kw32,1789372318.9578319,1789358670.6532903
