suite,n,kind,graphs,bh_s,bh_min_s,bh_max_s,bh_peak_mib,our_s,our_min_s,our_max_s,our_peak_mib,bh_over_our,our_wins_bh,pairs,timed_pairs,shortcuts,our_peak_gib
density,40,p100,5,8.588e-06,3.919e-06,3.4865e-05,10.3828125,3.936e-06,3.835e-06,4.8e-06,9.31640625,,0,5,0,5,0.009098052978515625
density,40,p250,5,1.793407866,1.242448719,2.957288944,10.3984375,1.426214086,1.395144671,3.11557087,770.47265625,1.1065593593442582,3,5,5,0,0.7524147033691406
density,40,p500,5,1.746603026,1.635903045,3.381491164,10.35546875,1.623284077,1.509273633,3.16348253,718.67578125,1.0786629886088002,4,5,5,0,0.7018318176269531
density,40,p750,5,1.60237084,1.542197014,3.070429785,10.3515625,2.450931684,1.478374038,3.250630166,830.40625,0.9072438194939001,2,5,5,0,0.810943603515625
density,40,p900,5,1.654114807,0.982706811,2.375979312,10.41796875,1.035666998,0.978706613,1.312544599,675.48828125,1.397526754184759,4,5,5,0,0.6596565246582031
density,44,p100,1,8.437295698,8.437295698,8.437295698,10.30078125,9.477663078,9.477663078,9.477663078,4798.60546875,0.8902295458872187,0,5,1,4,4.686138153076172
density,44,p250,5,15.04815742,14.54632928,17.20038739,10.37109375,10.78044424,9.713556194,11.54124728,3520.15234375,1.4490043088745668,5,5,5,0,3.4376487731933594
density,44,p500,5,18.85583571,17.17117469,19.25101537,10.3984375,10.39354845,9.028143331,10.49554495,3520.67578125,1.8342757845541549,5,5,5,0,3.438159942626953
density,44,p750,5,17.35158216,16.85046365,19.06467945,10.35546875,11.89738763,10.26647928,12.08395485,3520.64453125,1.568179449259418,5,5,5,0,3.438129425048828
density,44,p900,5,10.0235944,6.342613679,12.34569729,10.4140625,8.047105658,7.463578395,9.378633397,3783.24609375,1.1524014967209615,4,5,5,0,3.6945762634277344
randomness,40,dense,10,2.017973172,1.670545884,3.396281202,10.4296875,1.5603841475,1.510897954,3.158941718,715.70703125,1.1319968333365862,6,10,10,0,0.6989326477050781
randomness,44,dense,10,18.33073745,16.44317555,19.18117881,10.4296875,11.076356245,8.794887709,13.42605013,3470.859375,1.6352003044430836,10,10,10,0,3.3895111083984375
size,32,dense,5,0.030793569,0.030361036,0.184213878,10.390625,0.045933435,0.043622811,0.084313281,32.453125,1.020992762453697,2,5,5,0,0.0316925048828125
size,34,dense,5,0.081640367,0.08016806,0.083395287,10.390625,0.11185907,0.110522296,0.122227019,73.00390625,0.7128004232323885,0,5,5,0,0.07129287719726562
size,36,dense,5,0.219652417,0.214307468,0.597119486,10.40234375,0.265727333,0.260895908,0.278991599,145.3046875,0.9961958752109392,1,5,5,0,0.14189910888671875
size,38,dense,5,0.611161122,0.580043754,1.764046486,10.421875,0.65831181,0.642937583,1.624212672,311.3828125,1.1322672743384063,1,5,5,0,0.30408477783203125
size,40,dense,5,2.039485137,1.622892188,3.377723703,10.4296875,1.549869617,1.504654016,1.616348866,707.73046875,1.3660261376854352,5,5,5,0,0.6911430358886719
size,42,dense,5,6.727650784,6.194502924,6.923575979,10.40234375,3.733985253,3.605521869,5.395845594,1511.0546875,1.5705620127473607,5,5,5,0,1.4756393432617188
size,44,dense,5,18.99418424,17.57491202,19.09751262,10.32421875,12.83967351,11.08062424,13.5052096,3468.9453125,1.4848159925499762,5,5,5,0,3.3876419067382812
size,46,dense,3,50.44247352,48.3520921,51.68960677,10.28125,30.67034618,29.07685583,30.87271145,7779.0,1.660573077977777,3,3,3,0,7.5966796875
size,48,dense,3,139.5876667,139.496473,140.7377396,10.35546875,63.09191586,62.46488252,69.02260633,17514.41015625,2.1597655837570597,3,3,3,0,17.10391616821289
size,50,dense,3,380.8314879,379.3808367,387.6185082,10.03125,154.4690792,145.0122053,162.9003619,39080.58203125,2.48512474499362,3,3,3,0,38.16463088989258
structure,40,bipartite,3,0.157156554,0.155674476,0.562882163,10.43359375,1.273214038,1.267292623,1.316754555,693.11328125,0.18644958198532224,0,3,3,0,0.6768684387207031
structure,40,out2,3,0.489718965,0.385475675,1.048847074,10.421875,0.596977389,0.425110702,1.765694278,786.30078125,0.7616583609175023,1,3,3,0,0.7678718566894531
structure,40,planted050,3,0.459646837,0.396408075,1.126120997,10.36328125,0.742540371,0.655680145,1.384307808,817.08984375,0.6727220830885278,1,3,3,0,0.7979393005371094
structure,40,tournament,3,2.903751432,2.897737008,3.359718368,10.40625,1.526714108,1.511732287,1.545908328,688.1484375,1.9935860127362481,3,3,3,0,0.6720199584960938
structure,44,bipartite,3,1.778081862,0.893800548,1.948563537,10.3125,9.664798246,8.945211584,10.29938553,3425.484375,0.15150864177233853,0,3,3,0,3.3451995849609375
structure,44,out2,3,4.421401064,3.910814044,4.567079,10.40234375,3.577971286,1.897294887,4.518297761,4574.39453125,1.3705862020914827,2,3,3,0,4.467182159423828
structure,44,planted050,3,4.862602093,4.736726772,4.890658407,10.40625,4.05963487,3.368003576,4.47660823,4253.19140625,1.2254678723420878,3,3,3,0,4.153507232666016
structure,44,tournament,3,19.09025246,18.07612256,19.12690464,10.22265625,10.33634703,8.800983478,12.1790775,3430.83203125,1.8127990018122757,3,3,3,0,3.350421905517578
