case_id,suite,n,graph_seed,kind,algorithm_seed,source_mode,bh32_started_unix,kw32_started_unix,bh24_original_s,bh32_s,kw32_s
size:34:1001:dense:10001:0,size,34,1001,dense,10001,new_bh32_original_kw32,1789372112.4102108,1789359249.4882832,0.101696181,0.083395287,0.110522296
randomness:44:5001:dense:7:0,randomness,44,5001,dense,7,new_bh32_original_kw32,1789372112.4961872,1789359000.2190557,20.60485827,16.44317555,11.73721825
density:44:2004:p250:11004:0,density,44,2004,p250,11004,new_bh32_original_kw32,1789372128.9417875,1789358009.702059,19.01007641,17.20038739,9.79128837
size:42:1003:dense:10003:0,size,42,1003,dense,10003,new_bh32_original_kw32,1789372146.145029,1789359291.4960017,9.08147928,6.923575979,3.733985253
randomness:40:5001:dense:9:0,randomness,40,5001,dense,9,new_bh32_original_kw32,1789372153.073281,1789359053.4435265,2.122894284,1.670545884,3.158941718
size:44:1001:dense:10001:0,size,44,1001,dense,10001,existing_same32_pair,1789362312.452723,1789362331.5550904,22.96867092,19.09751262,12.83967351
density:44:2001:p900:11001:0,density,44,2001,p900,11001,new_bh32_original_kw32,1789372154.7458,1789358355.5485165,11.09929669,9.577598318,9.311649245
density:44:2003:p250:11003:0,density,44,2003,p250,11003,new_bh32_original_kw32,1789372164.3258784,1789358131.8208082,15.22778888,14.66152514,11.15618498
size:36:1005:dense:10005:0,size,36,1005,dense,10005,new_bh32_original_kw32,1789372178.990079,1789359251.5086577,0.274832682,0.217974531,0.278991599
randomness:40:5001:dense:8:0,randomness,40,5001,dense,8,new_bh32_original_kw32,1789372179.2101097,1789359164.362797,2.119539769,3.343870912,1.510897954
structure:40:3001:planted050:12001:0,structure,40,3001,planted050,12001,new_bh32_original_kw32,1789372182.5560324,1789358863.4744112,0.545073057,0.459646837,0.742540371
density:44:2004:p750:11004:0,density,44,2004,p750,11004,new_bh32_original_kw32,1789372183.0178385,1789358280.1588242,21.66224026,17.10354233,12.03502545
structure:44:3002:out2:12002:0,structure,44,3002,out2,12002,new_bh32_original_kw32,1789372200.1270635,1789358701.732751,4.385695698,3.910814044,1.897294887
density:44:2002:p500:11002:0,density,44,2002,p500,11002,new_bh32_original_kw32,1789372204.048016,1789358074.400485,22.55682182,19.25101537,10.31152065
size:32:1005:dense:10005:0,size,32,1005,dense,10005,new_bh32_original_kw32,1789372223.3017375,1789359248.778695,0.037746477,0.030793569,0.043622811
size:38:1005:dense:10005:0,size,38,1005,dense,10005,new_bh32_original_kw32,1789372223.335103,1789359252.8967087,0.732957538,0.580043754,0.643227659
size:42:1005:dense:10005:0,size,42,1005,dense,10005,new_bh32_original_kw32,1789372223.9175584,1789359307.8888764,7.328088184,6.727650784,4.978162948
density:44:2001:p500:11001:0,density,44,2001,p500,11001,new_bh32_original_kw32,1789372230.651028,1789358387.0256996,22.15052867,18.35274224,10.39354845
structure:44:3002:tournament:12002:0,structure,44,3002,tournament,12002,new_bh32_original_kw32,1789372249.014147,1789358816.8055809,22.2482488,19.12690464,10.33634703
density:40:2004:p900:11004:0,density,40,2004,p900,11004,new_bh32_original_kw32,1789372268.1437771,1789358069.427798,1.304458853,1.052074645,0.978706613
density:44:2005:p250:11005:0,density,44,2005,p250,11005,new_bh32_original_kw32,1789372269.1987414,1789358313.8616862,16.74352904,14.54632928,11.54124728
size:34:1002:dense:10002:0,size,34,1002,dense,10002,new_bh32_original_kw32,1789372283.7477634,1789359249.8105724,0.102307521,0.081640367,0.111181204
structure:40:3003:tournament:12003:0,structure,40,3003,tournament,12003,new_bh32_original_kw32,1789372283.8318355,1789358733.251879,3.758850415,2.903751432,1.545908328
size:32:1003:dense:10003:0,size,32,1003,dense,10003,new_bh32_original_kw32,1789372286.7383907,1789359248.6920264,0.03683245,0.075549969,0.045933435
density:44:2002:p750:11002:0,density,44,2002,p750,11002,new_bh32_original_kw32,1789372286.8212383,1789358592.344613,21.02295487,16.85046365,10.26647928
size:44:1002:dense:10002:0,size,44,1002,dense,10002,existing_same32_pair,1789362355.4845698,1789362344.3978686,22.51374133,18.99418424,11.08062424
density:44:2001:p250:11001:0,density,44,2001,p250,11001,new_bh32_original_kw32,1789372303.6788845,1789358224.7567728,17.74554576,15.27627528,10.78044424
structure:44:3003:tournament:12003:0,structure,44,3003,tournament,12003,new_bh32_original_kw32,1789372318.9578319,1789358670.6532903,22.27279711,19.09025246,8.800983478
density:40:2004:p250:11004:0,density,40,2004,p250,11004,new_bh32_original_kw32,1789372338.0507524,1789358111.9508476,3.238986224,1.242448719,1.395144671
size:38:1003:dense:10003:0,size,38,1003,dense,10003,new_bh32_original_kw32,1789372339.2959304,1789359259.527864,0.770618776,0.611161122,0.65831181
randomness:40:5001:dense:10:0,randomness,40,5001,dense,10,new_bh32_original_kw32,1789372339.90966,1789359129.7229095,3.772119555,3.358583027,1.546090306
structure:44:3001:tournament:12001:0,structure,44,3001,tournament,12001,new_bh32_original_kw32,1789372343.2709339,1789358804.623706,20.23050391,18.07612256,12.1790775
size:40:1003:dense:10003:0,size,40,1003,dense,10003,new_bh32_original_kw32,1789372361.3500404,1789359266.305686,2.058520998,2.29911362,1.549869617
randomness:44:5001:dense:3:0,randomness,44,5001,dense,3,new_bh32_original_kw32,1789372363.6563277,1789358879.9281387,22.10517961,18.89213061,8.794887709
size:46:1003:dense:10003:0,size,46,1003,dense,10003,new_bh32_original_kw32,1789372382.5509663,1789359758.8491488,60.0068285,50.44247352,30.87271145
density:40:2002:p100:11002:0,density,40,2002,p100,11002,new_bh32_original_kw32,1789372432.9961977,1789358175.7667866,4.858e-06,3.919e-06,4.13e-06
randomness:44:5001:dense:4:0,randomness,44,5001,dense,4,new_bh32_original_kw32,1789372432.998142,1789359077.6757624,18.93999663,17.57325219,11.95662819
structure:40:3002:tournament:12002:0,structure,40,3002,tournament,12002,new_bh32_original_kw32,1789372450.5763884,1789358735.7097316,3.518782904,2.897737008,1.511732287
structure:40:3003:out2:12003:0,structure,40,3003,out2,12003,new_bh32_original_kw32,1789372453.4852324,1789358849.8441055,0.446101255,0.385475675,1.765694278
size:44:1005:dense:10005:0,size,44,1005,dense,10005,new_bh32_original_kw32,1789372453.8731968,1789359367.5560994,22.15210367,19.03464605,13.14066371
density:44:2005:p100:11005:0,density,44,2005,p100,11005,new_bh32_original_kw32,1789372472.910067,1789358001.8776133,4.028e-06,4.978e-06,4.555e-06
density:44:2004:p900:11004:0,density,44,2004,p900,11004,new_bh32_original_kw32,1789372472.9123886,1789358187.4343777,11.52162712,10.0235944,8.047105658
density:40:2002:p750:11002:0,density,40,2002,p750,11002,new_bh32_original_kw32,1789372482.9383068,1789358440.2543113,2.633618476,1.548836661,2.450931684
structure:44:3001:planted050:12001:0,structure,44,3001,planted050,12001,new_bh32_original_kw32,1789372484.489173,1789358746.233926,5.480568724,4.736726772,3.368003576
size:32:1002:dense:10002:0,size,32,1002,dense,10002,new_bh32_original_kw32,1789372489.2280593,1789359248.9925866,0.037563568,0.030513605,0.046524083
structure:44:3003:planted050:12003:0,structure,44,3003,planted050,12003,new_bh32_original_kw32,1789372489.2610042,1789358749.6045558,5.153883349,4.862602093,4.05963487
structure:40:3002:planted050:12002:0,structure,40,3002,planted050,12002,new_bh32_original_kw32,1789372494.1259027,1789358780.7414176,1.210331481,0.396408075,1.384307808
density:40:2003:p250:11003:0,density,40,2003,p250,11003,new_bh32_original_kw32,1789372494.5247712,1789358072.96344,1.244607142,2.059424122,1.426214086
density:40:2002:p900:11002:0,density,40,2002,p900,11002,new_bh32_original_kw32,1789372496.5872164,1789358398.6646106,1.239984098,1.654114807,1.035666998
structure:44:3003:bipartite:12003:0,structure,44,3003,bipartite,12003,new_bh32_original_kw32,1789372498.2480252,1789358767.532023,1.375494806,0.893800548,10.29938553
size:42:1002:dense:10002:0,size,42,1002,dense,10002,new_bh32_original_kw32,1789372499.1438317,1789359295.2351806,9.042793836,6.735587238,3.605521869
structure:44:3002:bipartite:12002:0,structure,44,3002,bipartite,12002,new_bh32_original_kw32,1789372505.8851404,1789358708.0213022,1.13957538,1.948563537,8.945211584
density:40:2003:p500:11003:0,density,40,2003,p500,11003,new_bh32_original_kw32,1789372507.8449514,1789358273.3158898,3.781604191,1.635903045,1.542876823
density:44:2003:p750:11003:0,density,44,2003,p750,11003,new_bh32_original_kw32,1789372509.4831038,1789358257.6318488,22.08947521,18.76856128,11.89738763
size:36:1004:dense:10004:0,size,36,1004,dense,10004,new_bh32_original_kw32,1789372528.254161,1789359250.1467464,0.271419955,0.214307468,0.265727333
size:50:1003:dense:10003:0,size,50,1003,dense,10003,new_bh32_original_kw32,1789372528.470756,1789362145.125491,456.3983179,379.3808367,162.9003619
size:40:1001:dense:10001:0,size,40,1001,dense,10001,new_bh32_original_kw32,1789372907.8545575,1789359273.656561,3.734451537,1.681939595,1.513679153
density:40:2003:p750:11003:0,density,40,2003,p750,11003,new_bh32_original_kw32,1789372909.5432997,1789358585.6937938,3.650687916,2.879111208,1.519631358
size:40:1002:dense:10002:0,size,40,1002,dense,10002,new_bh32_original_kw32,1789372912.4253278,1789359278.8244464,2.07738483,2.039485137,1.504654016
density:40:2002:p250:11002:0,density,40,2002,p250,11002,new_bh32_original_kw32,1789372914.473092,1789358110.50192,3.225632943,1.793407866,1.446104003
size:50:1002:dense:10002:0,size,50,1002,dense,10002,new_bh32_original_kw32,1789372916.2720432,1789361543.7087667,444.1362417,380.8314879,145.0122053
size:46:1002:dense:10002:0,size,46,1002,dense,10002,new_bh32_original_kw32,1789373297.1148224,1789359668.166713,59.98646059,51.68960677,30.67034618
density:40:2001:p750:11001:0,density,40,2001,p750,11001,new_bh32_original_kw32,1789373348.8121917,1789358003.913868,2.030353505,1.60237084,3.250630166
density:40:2001:p250:11001:0,density,40,2001,p250,11001,new_bh32_original_kw32,1789373350.4195123,1789358434.48922,1.691813156,2.957288944,3.11557087
structure:40:3001:out2:12001:0,structure,40,3001,out2,12001,new_bh32_original_kw32,1789373353.3794968,1789358783.7909315,0.44052024,0.489718965,0.596977389
structure:40:3001:bipartite:12001:0,structure,40,3001,bipartite,12001,new_bh32_original_kw32,1789373353.872874,1789358878.651359,0.202542276,0.155674476,1.273214038
randomness:40:5001:dense:3:0,randomness,40,5001,dense,3,new_bh32_original_kw32,1789373354.0308425,1789359234.8231282,2.115766533,1.675173368,3.06834322
density:44:2002:p100:11002:0,density,44,2002,p100,11002,new_bh32_original_kw32,1789373355.7106237,1789358653.216572,7.950958282,8.437295698,9.477663078
size:48:1001:dense:10001:0,size,48,1001,dense,10001,existing_same32_pair,1789362403.9382474,1789362544.6785617,164.5860801,140.7377396,69.02260633
size:36:1001:dense:10001:0,size,36,1001,dense,10001,new_bh32_original_kw32,1789373364.1502402,1789359252.3497524,0.27778017,0.219652417,0.264228769
density:44:2005:p750:11005:0,density,44,2005,p750,11005,new_bh32_original_kw32,1789373364.3725934,1789358442.7195468,21.42419694,17.35158216,10.62158793
size:32:1004:dense:10004:0,size,32,1004,dense,10004,new_bh32_original_kw32,1789373381.7296917,1789359248.5598998,0.038449753,0.184213878,0.084313281
density:40:2001:p100:11001:0,density,40,2001,p100,11001,new_bh32_original_kw32,1789373381.927374,1789358647.9311748,4.33e-06,3.4865e-05,3.835e-06
structure:44:3001:bipartite:12001:0,structure,44,3001,bipartite,12001,new_bh32_original_kw32,1789373381.9398456,1789358853.258834,1.643755277,1.778081862,9.664798246
randomness:40:5001:dense:6:0,randomness,40,5001,dense,6,new_bh32_original_kw32,1789373383.728093,1789359021.0938196,3.784898036,1.679633437,1.513947204
randomness:40:5001:dense:4:0,randomness,40,5001,dense,4,new_bh32_original_kw32,1789373385.4100447,1789359237.8942378,3.041425891,3.396281202,1.517635251
density:44:2005:p500:11005:0,density,44,2005,p500,11005,new_bh32_original_kw32,1789373388.808962,1789358038.5126517,21.88129522,17.17117469,9.028143331
size:36:1003:dense:10003:0,size,36,1003,dense,10003,new_bh32_original_kw32,1789373405.9828475,1789359251.7901237,0.284191216,0.597119486,0.269855115
density:40:2004:p100:11004:0,density,40,2004,p100,11004,new_bh32_original_kw32,1789373406.585301,1789358544.9136815,4.56e-06,3.1651e-05,4.8e-06
size:48:1003:dense:10003:0,size,48,1003,dense,10003,new_bh32_original_kw32,1789373406.5974684,1789360245.8110602,159.6464205,139.496473,62.46488252
size:38:1004:dense:10004:0,size,38,1004,dense,10004,new_bh32_original_kw32,1789373546.1040595,1789359255.685806,2.343389436,1.764046486,0.709078233
size:44:1004:dense:10004:0,size,44,1004,dense,10004,new_bh32_original_kw32,1789373547.8709934,1789359471.2559726,22.27285646,17.82740438,13.5052096
structure:40:3003:bipartite:12003:0,structure,40,3003,bipartite,12003,new_bh32_original_kw32,1789373565.7061245,1789358779.4215107,0.202008299,0.157156554,1.316754555
size:40:1004:dense:10004:0,size,40,1004,dense,10004,new_bh32_original_kw32,1789373565.8657103,1789359262.554027,2.124511188,3.377723703,1.616348866
density:40:2001:p500:11001:0,density,40,2001,p500,11001,new_bh32_original_kw32,1789373569.2459025,1789358650.0477638,2.112317912,1.663042982,3.16348253
density:40:2004:p500:11004:0,density,40,2004,p500,11004,new_bh32_original_kw32,1789373570.91121,1789358180.4196532,2.109280089,3.381491164,1.509273633
density:40:2004:p750:11004:0,density,40,2004,p750,11004,new_bh32_original_kw32,1789373574.294893,1789358587.2164414,3.64407084,1.542197014,1.478374038
density:40:2003:p900:11003:0,density,40,2003,p900,11003,new_bh32_original_kw32,1789373575.8395853,1789358343.4127517,1.258559831,2.375979312,1.028924939
density:40:2005:p100:11005:0,density,40,2005,p100,11005,new_bh32_original_kw32,1789373578.2184834,1789358582.0389488,4.285e-06,8.588e-06,3.854e-06
size:42:1001:dense:10001:0,size,42,1001,dense,10001,new_bh32_original_kw32,1789373578.2261353,1789359334.3689907,7.36204042,6.517053888,3.66507059
size:34:1005:dense:10005:0,size,34,1005,dense,10005,new_bh32_original_kw32,1789373584.7502444,1789359249.3740225,0.100086652,0.08016806,0.11185907
randomness:40:5001:dense:2:0,randomness,40,5001,dense,2,new_bh32_original_kw32,1789373584.832881,1789359015.7658494,3.804480856,2.554683951,1.534846725
size:44:1003:dense:10003:0,size,44,1003,dense,10003,existing_same32_pair,1789362374.4813917,1789362392.0629833,22.33826894,17.57491202,11.87198972
randomness:44:5001:dense:6:0,randomness,44,5001,dense,6,new_bh32_original_kw32,1789373587.3903606,1789359151.8230047,20.54870466,18.13673149,10.41549424
density:44:2004:p100:11004:0,density,44,2004,p100,11004,new_bh32_original_kw32,1789373605.5340304,1789358437.6092076,4.552e-06,4.69e-06,5.327e-06
density:40:2005:p750:11005:0,density,40,2005,p750,11005,new_bh32_original_kw32,1789373605.5362594,1789358551.9056976,1.865087895,3.070429785,3.075563431
density:40:2005:p500:11005:0,density,40,2005,p500,11005,new_bh32_original_kw32,1789373608.6092162,1789358278.5301325,3.665883559,1.746603026,1.623284077
density:44:2001:p750:11001:0,density,44,2001,p750,11001,new_bh32_original_kw32,1789373610.363199,1789358496.9868536,22.21377062,19.06467945,12.08395485
size:48:1002:dense:10002:0,size,48,1002,dense,10002,new_bh32_original_kw32,1789373629.4302125,1789360021.769519,160.9434344,139.5876667,63.09191586
density:44:2003:p900:11003:0,density,44,2003,p900,11003,new_bh32_original_kw32,1789373769.020279,1789358516.4838123,7.407470189,6.342613679,7.473853013
density:44:2005:p900:11005:0,density,44,2005,p900,11005,new_bh32_original_kw32,1789373775.3658621,1789358623.6396594,14.90533533,12.34569729,9.378633397
structure:40:3003:planted050:12003:0,structure,40,3003,planted050,12003,new_bh32_original_kw32,1789373787.7144196,1789358874.1527553,0.565456582,1.126120997,0.655680145
randomness:40:5001:dense:5:0,randomness,40,5001,dense,5,new_bh32_original_kw32,1789373788.847384,1789358910.8338685,2.12996737,1.757921675,3.146542602
randomness:44:5001:dense:9:0,randomness,44,5001,dense,9,new_bh32_original_kw32,1789373790.6130364,1789359095.02265,20.62794415,19.02011697,10.29265102
size:50:1001:dense:10001:0,size,50,1001,dense,10001,existing_same32_pair,1789362613.704508,1789363001.3255177,467.5276388,387.6185082,154.4690792
size:34:1003:dense:10003:0,size,34,1003,dense,10003,new_bh32_original_kw32,1789373809.6359105,1789359249.924413,0.101164802,0.080438412,0.116175184
randomness:44:5001:dense:1:0,randomness,44,5001,dense,1,new_bh32_original_kw32,1789373809.7187815,1789359022.613087,20.50511692,18.52474341,10.31985281
size:46:1001:dense:10001:0,size,46,1001,dense,10001,new_bh32_original_kw32,1789373828.2463055,1789359579.0978076,61.38733982,48.3520921,29.07685583
density:44:2002:p250:11002:0,density,44,2002,p250,11002,new_bh32_original_kw32,1789373876.6022642,1789358554.9841642,17.3336684,15.04815742,9.713556194
randomness:44:5001:dense:5:0,randomness,44,5001,dense,5,new_bh32_original_kw32,1789373891.655666,1789358948.8241928,20.44648249,19.18117881,10.33644187
density:44:2003:p100:11003:0,density,44,2003,p100,11003,new_bh32_original_kw32,1789373910.8393283,1789358074.3988774,4.031e-06,5.147e-06,4.141e-06
density:40:2003:p100:11003:0,density,40,2003,p100,11003,new_bh32_original_kw32,1789373910.8419347,1789358038.510843,4.402e-06,4.143e-06,3.936e-06
size:32:1001:dense:10001:0,size,32,1001,dense,10001,new_bh32_original_kw32,1789373910.8440013,1789359248.904731,0.037778781,0.030361036,0.045529939
size:34:1004:dense:10004:0,size,34,1004,dense,10004,new_bh32_original_kw32,1789373910.8767087,1789359249.0417075,0.10241381,0.081801542,0.122227019
structure:44:3001:out2:12001:0,structure,44,3001,out2,12001,new_bh32_original_kw32,1789373910.960876,1789358763.94639,5.109553845,4.567079,3.577971286
density:40:2005:p900:11005:0,density,40,2005,p900,11005,new_bh32_original_kw32,1789373915.5302384,1789358008.386752,1.216804785,0.982706811,1.312544599
density:44:2003:p500:11003:0,density,44,2003,p500,11003,new_bh32_original_kw32,1789373916.515771,1789358422.2958589,22.59048693,19.24365059,10.49554495
density:44:2004:p500:11004:0,density,44,2004,p500,11004,new_bh32_original_kw32,1789373935.7620432,1789358142.9798708,22.3403407,18.85583571,10.4393798
density:40:2005:p250:11005:0,density,40,2005,p250,11005,new_bh32_original_kw32,1789373954.6210647,1789358179.0160606,3.245063145,1.535262787,1.400764456
structure:44:3003:out2:12003:0,structure,44,3003,out2,12003,new_bh32_original_kw32,1789373956.164108,1789358864.219852,4.841317076,4.421401064,4.518297761
size:42:1004:dense:10004:0,size,42,1004,dense,10004,new_bh32_original_kw32,1789373960.5880828,1789359320.200671,8.757032494,6.194502924,5.395845594
size:36:1002:dense:10002:0,size,36,1002,dense,10002,new_bh32_original_kw32,1789373966.7850153,1789359250.6887553,0.277555317,0.220845618,0.260895908
structure:44:3002:planted050:12002:0,structure,44,3002,planted050,12002,new_bh32_original_kw32,1789373967.007872,1789358719.5904377,5.418195308,4.890658407,4.47660823
structure:40:3001:tournament:12001:0,structure,40,3001,tournament,12001,new_bh32_original_kw32,1789373971.9034114,1789358876.9138496,2.100114982,3.359718368,1.526714108
density:44:2001:p100:11001:0,density,44,2001,p100,11001,new_bh32_original_kw32,1789373975.2658765,1789358074.3948314,4.994e-06,3.3046e-05,4.284e-06
randomness:44:5001:dense:8:0,randomness,44,5001,dense,8,new_bh32_original_kw32,1789373975.268433,1789358916.1157832,20.59988974,17.30241305,12.10041842
density:44:2002:p900:11002:0,density,44,2002,p900,11002,new_bh32_original_kw32,1789373992.5732572,1789358523.9606104,13.48433234,10.59870011,7.463578395
density:40:2001:p900:11001:0,density,40,2001,p900,11001,new_bh32_original_kw32,1789374003.1777267,1789358186.3799117,2.333717864,1.874522354,1.043754525
randomness:44:5001:dense:10:0,randomness,44,5001,dense,10,new_bh32_original_kw32,1789374005.0631251,1789359165.8765247,20.64490328,17.39440943,13.42605013
structure:40:3002:out2:12002:0,structure,40,3002,out2,12002,new_bh32_original_kw32,1789374022.465294,1789358734.800818,0.477906396,1.048847074,0.425110702
size:38:1001:dense:10001:0,size,38,1001,dense,10001,new_bh32_original_kw32,1789374023.520626,1789359260.9267995,0.732881968,1.554355323,1.624212672
randomness:40:5001:dense:1:0,randomness,40,5001,dense,1,new_bh32_original_kw32,1789374025.0858586,1789359242.4591146,3.819738445,1.691344061,2.269513753
size:38:1002:dense:10002:0,size,38,1002,dense,10002,new_bh32_original_kw32,1789374026.7840052,1789359254.2788339,0.755655664,0.600302553,0.642937583
density:40:2002:p500:11002:0,density,40,2002,p500,11002,new_bh32_original_kw32,1789374027.386713,1789358546.9784477,2.058351332,3.321835696,3.05670517
size:40:1005:dense:10005:0,size,40,1005,dense,10005,new_bh32_original_kw32,1789374030.7110794,1789359275.1731353,2.053136533,1.622892188,1.592976513
randomness:44:5001:dense:2:0,randomness,44,5001,dense,2,new_bh32_original_kw32,1789374032.3362424,1789359220.5645616,20.60553163,18.88927751,12.13768989
randomness:40:5001:dense:7:0,randomness,40,5001,dense,7,new_bh32_original_kw32,1789374051.2304225,1789359089.6354163,3.804721725,2.278024669,1.574677989
structure:40:3002:bipartite:12002:0,structure,40,3002,bipartite,12002,new_bh32_original_kw32,1789374053.5139134,1789358718.1152964,0.202138956,0.562882163,1.267292623
