n,graph_seed,repetitions,dp_s,dp_repeat_min_s,dp_repeat_max_s,dp_peak_mib,bh_s,bh_repeat_min_s,bh_repeat_max_s,bh_peak_mib,our_s,our_repeat_min_s,our_repeat_max_s,our_peak_mib,dp_over_our,bh_over_our,dp_table_mib
20,9001,3,0.003548306,0.003546181,0.003582494,8.390625,0.004113152,0.004112465,0.004160606,8.390625,0.009192362,0.009133397,0.009233042,8.390625,0.386005903596921,0.4474532225776139,4.0
20,9002,3,0.00352709,0.003525258,0.003547123,8.375,0.004412704,0.004402078,0.004450049,8.37109375,0.009235813,0.009193387,0.009236579,8.37109375,0.3818927472871094,0.4777818693384112,4.0
20,9003,3,0.003563073,0.003529694,0.003735601,8.3828125,0.004353253,0.004330436,0.004356741,8.38671875,0.008982444,0.008942999,0.009238429,8.38671875,0.39667077245346594,0.4846401491620766,4.0
22,9001,3,0.016256145,0.01584443,0.016269702,19.25,0.012745843,0.01264823,0.012784868,8.44140625,0.023490116,0.023474771,0.023530561,8.44140625,0.6920419209509225,0.5426045150224035,16.0
22,9002,3,0.015952081,0.015677491,0.01621845,19.25,0.012884412,0.012875501,0.013089946,8.43359375,0.023342731,0.023330314,0.023445884,8.43359375,0.6833853759442287,0.5519667771521679,16.0
22,9003,3,0.016102003,0.016093671,0.016200135,19.5,0.011954076,0.011944413,0.01209178,8.4453125,0.023247687,0.023163968,0.023285087,8.453125,0.69262817414911,0.5142049615516588,16.0
24,9001,3,0.071209453,0.06992423,0.071460532,67.25,0.037654503,0.037596795,0.038164409,8.5078125,0.056728543,0.056706853,0.056780713,8.5078125,1.2552667358299685,0.6637664394095226,64.0
24,9002,3,0.072039502,0.069932577,0.072101211,67.25,0.03736268,0.03691404,0.038697715,8.5,0.057027595,0.056999515,0.057123883,8.5078125,1.2632393493009832,0.6551684320546921,64.0
24,9003,3,0.071540881,0.071342431,0.071649446,67.25,0.035310048,0.035177644,0.03566691,8.4921875,0.055727893,0.055619169,0.055743337,8.48828125,1.2837535594607892,0.6336153423205861,64.0
26,9001,3,0.311178601,0.308529569,0.312026318,259.5,0.109017734,0.108880177,0.109019517,8.5859375,0.14833656,0.148165874,0.148401052,8.578125,2.0977876323948728,0.7349350288290358,256.0
26,9002,3,0.312108925,0.308637587,0.313087137,259.5,0.108672353,0.108663406,0.108704917,8.57421875,0.150479371,0.15046994,0.150620673,8.57421875,2.0740977512459167,0.722174423496228,256.0
26,9003,3,0.309257608,0.308378607,0.314356363,259.5,0.104510671,0.104477405,0.105902245,8.546875,0.146831622,0.146729195,0.146976568,8.55078125,2.106205759955441,0.7117722298266241,256.0
28,9001,3,1.40144392,1.39526543,1.40339211,1027.5,0.321462773,0.321121523,0.321833885,8.63671875,0.383191746,0.38318301,0.383214203,8.62890625,3.6572915117018203,0.8389083960070476,1024.0
28,9002,3,1.37878936,1.37822072,1.39084085,1027.5,0.301150644,0.297575476,0.309632261,8.66015625,0.390121625,0.389995622,0.390273389,8.65234375,3.5342551441489563,0.7719404019195296,1024.0
28,9003,3,1.39401806,1.39330034,1.39926794,1027.5,0.305346052,0.301940586,0.305482791,8.609375,0.384337988,0.384076122,0.384406031,8.6171875,3.6270629069328426,0.7944727337231103,1024.0
30,9001,3,6.24940528,6.19755122,6.27552707,4099.5,0.879961007,0.879797798,0.88005746,8.72265625,0.973771773,0.972933873,0.974154244,8.7265625,6.417730985102195,0.9036624714321022,4096.0
30,9002,3,6.25345055,6.23277057,6.26533901,4099.5,0.918451426,0.909235738,0.919233009,8.703125,0.972921713,0.971980711,0.973826355,8.6953125,6.427496135035893,0.9440136998977635,4096.0
30,9003,3,6.26681241,6.24149558,6.26857852,4099.5,0.938503239,0.929316718,0.938753481,8.7421875,0.976448615,0.976266714,0.977118342,8.73046875,6.417964359547993,0.9611394031215866,4096.0
32,9001,3,27.8040542,27.7953656,27.8645817,16387.5,2.622271614,2.595244011,2.622733973,8.8125,2.603442933,2.602542054,2.603943452,8.81640625,10.679724854948452,1.0072322234381774,16384.0
32,9002,3,27.7277326,27.3103355,27.7824883,16387.5,2.624369932,2.62420326,2.651096825,8.75390625,2.5999079,2.599538669,2.600107231,8.83203125,10.66489032169178,1.0094088071350529,16384.0
32,9003,3,27.8596511,27.8548551,27.9428904,16387.25,2.732647803,2.706136812,2.733204645,8.80859375,2.592144262,2.590866004,2.593331342,8.8046875,10.747724001481519,1.0542035962503076,16384.0
