suite,n,graph_seed,kind,bh_s,our_s,bh_over_our,bh_peak_mib,our_peak_mib,bh_choose_s,our_setup_s,our_choose_s,bh_enumerate_s,our_enumerate_s,local_cache_bytes,source_suite
breadth,36,9101,p250,17.71254611,14.54087824,1.218120791444025,8.73828125,8.73828125,14.02688378,0.631141143,7.798216533,3.685657966,6.111515977,3464,breadth
breadth,36,9101,p750,21.8841047,15.18859281,1.4408250305842523,8.73828125,8.73828125,17.20733574,0.630827672,8.283751212,4.676765377,6.274010012,3464,breadth
breadth,36,9101,tournament,23.576496,15.34068316,1.5368608916631845,8.73828125,8.734375,18.59512067,0.630446475,8.350164631,4.981372305,6.36006869,3464,breadth
breadth,36,9102,p250,18.840479,14.69023867,1.2825168755410017,8.734375,8.734375,14.93528106,0.630683956,7.986573663,3.905193344,6.072975871,3464,breadth
breadth,36,9102,p750,21.79867799,15.24144074,1.4302242394179332,8.73828125,8.73828125,17.29889237,0.63031112,8.369396027,4.499782535,6.24173,3464,breadth
breadth,36,9102,tournament,22.7842952,15.42393117,1.4772041543025116,8.73828125,8.73828125,17.89502986,0.630703783,8.508789177,4.88926222,6.284434625,3464,breadth
breadth,40,9101,p250,150.6660701,91.87388902,1.6399226342448785,8.734375,8.734375,121.2647059,3.446171212,51.10912677,29.40135874,37.31858534,3600,breadth
breadth,40,9101,p750,181.8774615,96.45390565,1.8856412321961793,8.73828125,8.73828125,145.8900544,3.445193787,54.01687636,35.98740364,38.99183165,3600,breadth
breadth,40,9101,tournament,196.1834208,97.49486605,2.0122436057236883,8.73828125,8.73828125,157.9780312,3.445184366,54.84293507,38.20538622,39.20674229,3600,breadth
breadth,40,9102,p250,156.9183227,92.07392228,1.704264560629946,8.73828125,8.73828125,127.3480242,3.445375737,51.31071481,29.57029391,37.31782641,3600,breadth
breadth,40,9102,p750,163.7521252,97.12721279,1.6859551560905035,8.73828125,8.73828125,132.6803799,3.445785823,54.50958574,31.07174159,39.17183719,3600,breadth
breadth,40,9102,tournament,195.7108932,97.33297404,2.010735777163971,8.73828125,8.73828125,157.9824747,3.445330787,54.70661279,37.72841508,39.18102658,3600,breadth
size,20,9001,dense,0.004547722,0.013269262,0.34272606871429623,9.0703125,9.05859375,0.003052359,0.000468487,0.009239663,0.001492925,0.003557992,3600,lower
size,20,9002,dense,0.004390045,0.009250151,0.47459171207043005,8.8203125,9.0703125,0.002897028,0.000461487,0.005188374,0.001490813,0.0035978,3600,lower
size,20,9003,dense,0.00432835,0.009137801,0.4736752310539484,9.07421875,9.07421875,0.002763123,0.00047052,0.005171316,0.001562784,0.003493352,3600,lower
size,22,9001,dense,0.01257712,0.023431999,0.5367497668466101,9.07421875,9.07421875,0.008543439,0.001112474,0.01274166,0.004031267,0.009575198,4932,lower
size,22,9002,dense,0.012843441,0.023329168,0.5505314634452458,9.07421875,9.07421875,0.008646976,0.001109079,0.013064801,0.004193785,0.009152319,4932,lower
size,22,9003,dense,0.012080806,0.023228433,0.5200869985504403,9.07421875,9.07421875,0.008165731,0.001111793,0.012467947,0.003912731,0.009646129,4932,lower
size,24,9001,dense,0.037752725,0.056670264,0.6661822680056687,8.82421875,8.82421875,0.026121569,0.002756126,0.030293193,0.011628577,0.023618228,4988,lower
size,24,9002,dense,0.036944111,0.057035879,0.6477345777383391,9.07421875,9.07421875,0.025528089,0.002764503,0.03114592,0.011413338,0.023122573,4988,lower
size,24,9003,dense,0.035741588,0.05557087,0.6431712874029144,8.82421875,9.07421875,0.02506632,0.002763152,0.03015179,0.010672619,0.022653073,4988,lower
size,26,9001,dense,0.110317553,0.148345077,0.7436549647009857,8.58984375,8.58984375,0.078576113,0.007197679,0.08026078,0.031738639,0.060883266,9084,size
size,26,9002,dense,0.109868878,0.150526711,0.7298962241990393,8.58984375,8.58984375,0.078478449,0.00715145,0.081937299,0.031387454,0.061434772,9084,size
size,26,9003,dense,0.105782929,0.146559965,0.7217723407616807,8.58984375,8.58984375,0.075529894,0.007145372,0.079191976,0.030249972,0.060219232,9084,size
size,28,9001,dense,0.318074538,0.382777763,0.8309639920227028,8.58984375,8.58984375,0.231138808,0.017945788,0.211028943,0.086932552,0.153799591,17492,size
size,28,9002,dense,0.300876687,0.390327505,0.7708313740278179,8.59765625,8.59765625,0.221767242,0.017899299,0.217787328,0.079106838,0.154638068,17492,size
size,28,9003,dense,0.302069759,0.384161774,0.7863087361732143,8.59765625,8.59765625,0.220270244,0.017986079,0.210781181,0.081796133,0.155390808,17492,size
size,30,9001,dense,0.880347366,0.9732928,0.9045041389394846,8.6015625,8.60546875,0.653345733,0.045391755,0.537446978,0.226998277,0.390450395,18004,size
size,30,9002,dense,0.918792008,0.97336802,0.9439307529335103,8.60546875,8.60546875,0.688057898,0.045289733,0.541400206,0.230731138,0.386674659,18004,size
size,30,9003,dense,0.97762406,0.976265901,1.0013911773407316,8.609375,8.609375,0.735301029,0.045280737,0.543472532,0.242319586,0.387508891,18004,size
size,32,9001,dense,2.595642449,2.603419933,0.9970125895168062,8.609375,8.609375,1.963348924,0.11067532,1.412229018,0.632290256,1.080511864,1664,size
size,32,9002,dense,2.751992346,2.600156395,1.0583949301249629,8.6171875,8.6171875,2.101137786,0.110685556,1.402718758,0.650851459,1.086748653,1664,size
size,32,9003,dense,2.731345876,2.593025237,1.0533433446872387,8.62109375,8.62109375,2.074256653,0.110777301,1.400321393,0.657085578,1.081922697,1664,size
size,34,9001,dense,7.912355415,6.326293779,1.250709450336451,8.625,8.62890625,6.109704771,0.265871205,3.446712668,1.802646936,2.613705873,2688,size
size,34,9002,dense,7.966204822,6.323416776,1.2597943650077066,8.62890625,8.6328125,6.165378428,0.265832593,3.413368838,1.800822716,2.644211069,2688,size
size,34,9003,dense,7.829170934,6.239168319,1.25484207729386,8.63671875,8.64453125,6.065250708,0.26575083,3.342371784,1.763916296,2.631041409,2688,size
size,36,9001,dense,22.63247837,15.45506371,1.4644053751364317,8.64453125,8.6484375,17.70716149,0.630426238,8.53729683,4.925312601,6.287335759,3464,size
size,36,9002,dense,23.07588694,15.43523022,1.4950141080564978,8.66015625,8.6484375,18.14115512,0.63045321,8.522596268,4.934727793,6.282176332,3464,size
size,36,9003,dense,22.92263507,15.12323768,1.5157227278332372,8.66015625,8.66015625,17.95745697,0.630372408,8.23546899,4.965173882,6.257391563,3464,size
size,38,9001,dense,68.33666635,37.02645703,1.845617210813108,8.67578125,8.66796875,54.4931943,1.481443478,20.11298081,13.84346709,15.43202695,3464,size
size,38,9002,dense,66.2557865,37.42015318,1.7705910016266801,8.67578125,8.67578125,52.87257032,1.480902913,20.48899884,13.38321224,15.45024674,3464,size
size,38,9003,dense,66.91585998,37.13386281,1.8020172133015968,8.6796875,8.6796875,53.28894345,1.481267339,20.19608944,13.62691192,15.45649933,3464,size
size,40,9001,dense,194.5243587,97.60103219,1.9930563676961868,8.6796875,8.69140625,156.697634,3.44549353,54.42843374,37.82672011,39.72709964,3600,size
size,40,9002,dense,194.3102712,97.95408362,1.9836872953025741,8.69140625,8.69140625,157.0742738,3.446040826,54.75220376,37.23599299,39.75583391,3600,size
size,40,9003,dense,192.6785943,96.54505561,1.995737566078346,8.70703125,8.69921875,155.3302402,3.445675535,53.58223512,37.3483488,39.51713866,3600,size
size,42,9001,dense,551.6490062,232.6474458,2.371180153313336,8.7109375,8.7109375,449.2129628,7.942715655,129.4831889,102.4360389,95.22153612,5648,size
size,42,9002,dense,556.3245898,234.4003847,2.373394525405828,8.71875,8.71484375,455.1284759,7.943267702,131.4821583,101.1961083,94.97495246,5648,size
size,42,9003,dense,544.8062724,232.6981851,2.341257075837847,8.71875,8.72265625,442.8006939,7.942043852,129.7279647,102.0055732,95.02817047,5648,size
size,44,9001,dense,1636.348818,561.1589249,2.916016738558692,8.734375,8.734375,1353.022749,18.14515459,317.4725373,283.3260638,225.5412256,7848,size
