suite,n,kind,graphs,dp_s,dp_min_s,dp_max_s,dp_peak_mib,bh_s,bh_min_s,bh_max_s,bh_peak_mib,our_s,our_min_s,our_max_s,our_peak_mib,bh_over_our,our_wins_bh,dp_over_our,our_wins_dp,dp_table_mib,repetitions,source
size,20,dense,3,0.003548306,0.00352709,0.003563073,8.390625,0.004353253,0.004113152,0.004412704,8.390625,0.009192362,0.008982444,0.009235813,8.390625,0.4696765728403536,0,0.38814010567963303,0,4.0,3,dp_compare.jsonl
size,22,dense,3,0.016102003,0.015952081,0.016256145,19.5,0.012745843,0.011954076,0.012884412,8.4453125,0.023342731,0.023247687,0.023490116,8.453125,0.5360157300563245,0,0.6893388348677172,0,16.0,3,dp_compare.jsonl
size,24,dense,3,0.071540881,0.071209453,0.072039502,67.25,0.03736268,0.035310048,0.037654503,8.5078125,0.056728543,0.055727893,0.057027595,8.5078125,0.6507257304230859,0,1.2673632475031262,3,64.0,3,dp_compare.jsonl
size,26,dense,3,0.311178601,0.309257608,0.312108925,259.5,0.108672353,0.104510671,0.109017734,8.5859375,0.14833656,0.146831622,0.150479371,8.578125,0.7228985664775721,0,2.092652801350901,3,256.0,3,dp_compare.jsonl
size,28,dense,3,1.39401806,1.37878936,1.40144392,1027.5,0.305346052,0.301150644,0.321462773,8.66015625,0.384337988,0.383191746,0.390121625,8.65234375,0.8012950068111573,0,3.605821203912272,3,1024.0,3,dp_compare.jsonl
size,30,dense,3,6.25345055,6.24940528,6.26681241,4099.5,0.918451426,0.879961007,0.938503239,8.7421875,0.973771773,0.972921713,0.976448615,8.73046875,0.9359593243528105,0,6.42106221549878,3,4096.0,3,dp_compare.jsonl
size,32,dense,3,27.8040542,27.7277326,27.8596511,16387.5,2.624369932,2.622271614,2.732647803,8.8125,2.5999079,2.592144262,2.603442933,8.83203125,1.0233881835338108,3,10.697385686825609,3,16384.0,3,dp_compare.jsonl
size,34,dense,3,,,,,7.912355415,7.829170934,7.966204822,8.63671875,6.323416776,6.239168319,6.326293779,8.64453125,1.2551098038917399,3,,,,1,size.jsonl
size,36,dense,3,,,,,22.92263507,22.63247837,23.07588694,8.66015625,15.43523022,15.12323768,15.45506371,8.66015625,1.4915647895757511,3,,,,1,size.jsonl
size,38,dense,3,,,,,66.91585998,66.2557865,68.33666635,8.6796875,37.13386281,37.02645703,37.42015318,8.6796875,1.805813684423288,3,,,,1,size.jsonl
size,40,dense,3,,,,,194.3102712,192.6785943,194.5243587,8.70703125,97.60103219,96.54505561,97.95408362,8.69921875,1.9908203674295013,3,,,,1,size.jsonl
size,42,dense,3,,,,,551.6490062,544.8062724,556.3245898,8.71875,232.6981851,232.6474458,234.4003847,8.72265625,2.361898317684911,3,,,,1,size.jsonl
size,44,dense,1,,,,,1636.348818,1636.348818,1636.348818,8.734375,561.1589249,561.1589249,561.1589249,8.734375,2.916016738558692,1,,,,1,size.jsonl
